WADL ID,Batch,IT ID,Unit Cell Type,Mass (g),x_bend (mm),x _stretch (mm),x_vert (mm),x_joint (mm),Energy Absorbed (J),Energy Absorbed per Unit Mass (J/g)
1,1,,Octet,0.84,0.44,0.44,0,0.42,3.66,4.359
2,1,"166
167
171
261
262",Octet,0.83,0.38,0.38,0,0.85,3.52,4.26
3,1,,Octet,0.81,0.34,0.34,0,1.01,3.6,4.437
4,1,,Octet,0.8,0.3,0.3,0,1.14,3.27,4.101
5,1,,Octet,0.8,0.38,0.3,0,0.96,3.33,4.134
6,1,,Octet,0.8,0.34,0.38,0,0.96,3.17,3.939
7,1,,Octet,0.8,0.3,0.38,0,1.05,3.23,4.049
8,1,,Octet,0.83,0.38,0.46,0,0.67,3.69,4.43
9,1,,Octet,0.86,0.34,0.61,0,0.33,3.28,3.796
10,1,,Octet,0.82,0.38,0.34,0,0.91,3.43,4.209
11,1,,Octet,0.82,0.42,0.3,0,0.84,3.58,4.378
12,1,,Octet,0.82,0.34,0.57,0,0.51,3.21,3.922
13,1,,Octet,0.82,0.42,0.34,0,0.77,3.44,4.175
14,1,,Octet,0.84,0.38,0.42,0,0.77,3.51,4.188
15,1,,Octet,0.87,0.34,0.49,0,0.74,3.56,4.087
16,1,,Octet,0.89,0.42,0.46,0,0.47,3.5,3.95
17,1,,Octet,0.84,0.38,0.53,0,0.43,3.63,4.315
18,1,,Octet,0.8,0.3,0.42,0,1,3.42,4.3
19,1,,Octet,0.82,0.46,0.34,0,0.58,3.4,4.147
20,1,,Octet,0.86,0.3,0.65,0,0.38,3.32,3.882
21,1,,Octet,0.82,0.3,0.34,0,1.1,3.14,3.84
22,1,,Octet,0.89,0.49,0.34,0,0.31,3.2,3.615
23,1,,Octet,0.81,0.3,0.53,0,0.78,3.42,4.232
24,1,,Octet,0.8,0.34,0.53,0,0.64,3.71,4.63
25,1,,Octet,0.8,0.3,0.49,0,0.86,3.33,4.163
26,1,,Octet,0.82,0.46,0.3,0,0.67,3.22,3.936
27,1,,Octet,0.81,0.34,0.46,0,0.82,3.5,4.319
28,1,,Octet,0.81,0.3,0.61,0,0.56,3.22,3.971
29,1,,Octet,0.82,0.46,0.42,0,0.34,3.54,4.298
30,1,"196
200",Octet,0.79,0.42,0.38,0,0.69,3.63,4.586
31,1,,Octet,0.82,0.38,0.57,0,0.22,3.32,4.042
32,1,,Octet,0.83,0.42,0.49,0,0.33,3.81,4.564
33,1,,Octet,0.79,0.3,0.46,0,0.94,3.55,4.484
34,1,,Octet,0.78,0.34,0.3,0,1.06,3.32,4.283
35,1,,Octet,0.78,0.3,0.57,0,0.68,3.2,4.093
36,1,,Octet,0.81,0.49,0.3,0,0.44,3.14,3.881
37,2,,Octet,0.83,0.44,0.44,0,0.42,3.77,4.532
38,2,,Octet,0.84,0.46,0.38,0,0.48,3.87,4.578
39,2,,Octet,0.83,0.38,0.49,0,0.57,3.98,4.777
40,2,,Octet,0.81,0.34,0.42,0,0.9,3.81,4.724
41,2,,Octet,0.82,0.42,0.42,0,0.6,3.9,4.746
42,2,,Octet,0.81,0.36,0.32,0,0.99,3.6,4.464
43,2,,Octet,0.79,0.28,0.34,0,1.14,3.3,4.175
44,2,,Octet,0.87,0.51,0.3,0,0.31,3.7,4.23
45,2,,Octet,0.83,0.38,0.44,0,0.72,3.62,4.34
46,2,,Octet,0.82,0.32,0.42,0,0.95,3.46,4.219
47,2,,Octet,0.8,0.28,0.42,0,1.04,3.29,4.118
48,2,,Octet,0.79,0.36,0.28,0,1.04,3.51,4.447
49,2,,Octet,0.82,0.4,0.47,0,0.53,3.74,4.554
50,2,,Octet,0.84,0.36,0.49,0,0.66,3.83,4.531
51,2,,Octet,0.85,0.36,0.46,0,0.76,3.71,4.354
52,2,,Octet,0.84,0.32,0.57,0,0.6,3.61,4.291
53,2,,Octet,0.82,0.38,0.51,0,0.51,3.75,4.566
54,2,,Octet,0.8,0.3,0.51,0,0.82,3.47,4.341
55,2,,Octet,0.79,0.36,0.47,0,0.71,3.65,4.6
56,2,"25
215
224
233",Octet,0.83,0.47,0.28,0,0.62,3.43,4.138
57,2,"97
115
133",Octet,0.86,0.47,0.38,0,0.33,3.7,4.3
58,2,"87
105
123",Octet,0.81,0.28,0.47,0,0.95,3.61,4.436
59,2,,Octet,0.81,0.44,0.32,0,0.72,3.82,4.701
60,2,,Octet,0.78,0.38,0.28,0,0.99,3.75,4.801
61,2,,Octet,0.77,0.3,0.36,0,1.08,3.33,4.317
62,2,,Octet,0.82,0.36,0.53,0,0.54,3.82,4.642
63,2,,Octet,0.78,0.32,0.3,0,1.1,3.41,4.352
64,2,,Octet,0.79,0.32,0.32,0,1.08,3.55,4.518
65,2,,Octet,0.78,0.28,0.59,0,0.7,3.63,4.639
66,2,,Octet,0.78,0.4,0.46,0,0.59,3.93,5.003
67,2,"165
169
173",Octet,0.79,0.38,0.47,0,0.63,3.77,4.788
68,2,,Octet,0.77,0.28,0.36,0,1.11,3.42,4.407
69,2,"216
225
234",Octet,0.8,0.47,0.36,0,0.41,3.68,4.61
70,2,,Octet,0.82,0.28,0.68,0,0.29,3.49,4.269
71,2,,Octet,0.8,0.44,0.42,0,0.48,3.95,4.946
72,2,12,Octet,0.77,0.3,0.47,0,0.9,3.73,4.823
73,3,,Octet,0.82,0.44,0.44,0,0.42,4.14,5.049
74,3,,Octet,0.81,0.36,0.4,0,0.87,4,4.939
75,3,,Octet,0.79,0.34,0.28,0,1.08,3.65,4.639
76,3,271,Octet,0.81,0.44,0.34,0,0.69,4.15,5.11
77,3,,Octet,0.8,0.28,0.57,0,0.75,3.66,4.588
78,3,,Octet,0.77,0.32,0.38,0,1.01,3.62,4.681
79,3,,Octet,0.8,0.32,0.59,0,0.53,3.72,4.657
80,3,,Octet,0.81,0.28,0.51,0,0.88,3.82,4.706
81,3,,Octet,0.82,0.36,0.44,0,0.8,4.18,5.073
82,3,,Octet,0.85,0.46,0.44,0,0.25,4.29,5.05
83,3,,Octet,0.82,0.4,0.51,0,0.38,4.23,5.136
84,3,,Octet,0.77,0.36,0.3,0,1.02,3.65,4.732
85,3,,Octet,0.79,0.32,0.47,0,0.84,3.55,4.499
86,3,,Octet,0.82,0.38,0.4,0,0.81,3.89,4.731
87,3,,Octet,0.88,0.36,0.59,0,0.28,4.08,4.616
88,3,,Octet,0.83,0.36,0.38,0,0.9,3.77,4.553
89,3,,Octet,0.81,0.32,0.61,0,0.45,3.73,4.594
90,3,"86
104
122",Octet,0.77,0.28,0.28,0,1.2,3.27,4.254
91,3,,Octet,0.79,0.44,0.3,0,0.76,3.83,4.828
92,3,,Octet,0.84,0.47,0.32,0,0.52,3.98,4.708
93,3,,Octet,0.84,0.32,0.49,0,0.8,3.73,4.464
94,3,,Octet,0.86,0.44,0.47,0,0.22,4.31,5.03
95,3,,Octet,0.81,0.36,0.51,0,0.6,3.79,4.691
96,3,,Octet,0.82,0.3,0.66,0,0.26,3.54,4.309
97,3,,Octet,0.8,0.32,0.65,0,0.23,3.7,4.611
98,3,,Octet,0.79,0.28,0.49,0,0.92,3.52,4.458
99,3,,Octet,0.81,0.36,0.55,0,0.48,3.79,4.654
100,3,,Octet,0.78,0.4,0.28,0,0.93,4.07,5.251
101,3,,Octet,0.77,0.32,0.44,0,0.92,3.83,4.957
102,3,,Octet,0.77,0.4,0.44,0,0.64,3.79,4.932
103,3,,Octet,0.8,0.3,0.63,0,0.48,3.5,4.372
104,3,"138
147
156",Octet,0.77,0.28,0.38,0,1.09,3.48,4.549
105,3,,Octet,0.78,0.3,0.55,0,0.74,3.73,4.765
106,3,,Octet,0.76,0.28,0.3,0,1.18,3.4,4.454
107,3,,Octet,0.77,0.34,0.36,0,0.99,3.88,5.065
108,3,,Octet,0.78,0.42,0.44,0,0.54,3.99,5.099
109,4,,Octet,0.82,0.44,0.44,0,0.42,4.14,5.04
110,4,195,Octet,0.84,0.46,0.32,0,0.63,4.01,4.771
111,4,,Octet,0.83,0.42,0.47,0,0.41,4.43,5.346
112,4,,Octet,0.78,0.32,0.28,0,1.12,3.64,4.688
113,4,,Octet,0.81,0.42,0.4,0,0.64,4.25,5.265
114,4,,Octet,0.77,0.36,0.36,0,0.93,3.67,4.769
115,4,,Octet,0.79,0.46,0.28,0,0.71,3.99,5.023
116,4,,Octet,0.83,0.32,0.51,0,0.76,3.78,4.582
117,4,,Octet,0.82,0.42,0.32,0,0.8,3.98,4.86
118,4,,Octet,0.82,0.36,0.42,0,0.83,3.86,4.711
119,4,,Octet,0.79,0.28,0.4,0,1.07,3.52,4.433
120,4,,Octet,0.77,0.3,0.28,0,1.15,3.56,4.645
121,4,,Octet,0.8,0.28,0.61,0,0.64,3.47,4.317
122,4,,Octet,0.82,0.38,0.32,0,0.93,3.89,4.758
123,4,,Octet,0.84,0.4,0.34,0,0.84,3.94,4.675
124,4,,Octet,0.87,0.44,0.46,0,0.34,4.36,5.016
125,4,,Octet,0.8,0.34,0.32,0,1.04,3.72,4.666
126,4,,Octet,0.78,0.32,0.36,0,1.03,3.53,4.517
127,4,,Octet,0.79,0.28,0.55,0,0.8,3.54,4.504
128,4,,Octet,0.81,0.4,0.36,0,0.8,3.85,4.74
129,4,,Octet,0.84,0.46,0.36,0,0.54,4.12,4.888
130,4,,Octet,0.8,0.42,0.28,0,0.87,3.87,4.817
131,4,,Octet,0.78,0.28,0.44,0,1.01,3.52,4.509
132,4,,Octet,0.78,0.4,0.4,0,0.73,3.94,5.063
133,4,,Octet,0.77,0.4,0.3,0,0.9,3.66,4.781
134,4,,Octet,0.82,0.4,0.53,0,0.28,3.66,4.491
135,4,,Octet,0.8,0.44,0.36,0,0.65,3.89,4.867
136,4,,Octet,0.78,0.4,0.32,0,0.87,4.09,5.263
137,4,,Octet,0.78,0.34,0.51,0,0.69,4.04,5.152
138,4,,Octet,0.77,0.4,0.49,0,0.46,3.31,4.291
139,4,,Octet,0.77,0.42,0.36,0,0.73,3.9,5.055
140,4,,Octet,0.77,0.32,0.46,0,0.88,3.76,4.874
141,4,,Octet,0.78,0.38,0.55,0,0.34,3.7,4.72
142,4,,Octet,0.77,0.34,0.55,0,0.57,3.6,4.67
143,4,,Octet,0.78,0.46,0.4,0,0.42,4.05,5.173
144,4,,Octet,0.78,0.47,0.34,0,0.47,3.51,4.495
145,5,,Octet,0.83,0.44,0.44,0,0.42,3.92,4.745
146,5,,Octet,0.83,0.32,0.55,0,0.66,3.6,4.362
147,5,,Octet,0.82,0.34,0.47,0,0.78,4.04,4.93
148,5,,Octet,0.84,0.47,0.3,0,0.57,3.48,4.173
149,5,,Octet,0.82,0.28,0.63,0,0.57,3.39,4.132
150,5,,Octet,0.78,0.36,0.34,0,0.96,3.69,4.751
151,5,"88
106
124",Octet,0.83,0.28,0.66,0,0.4,3.67,4.428
152,5,,Octet,0.85,0.3,0.59,0,0.62,3.78,4.453
153,5,,Octet,0.87,0.28,0.65,0,0.49,3.55,4.107
154,5,,Octet,0.86,0.44,0.38,0,0.6,3.7,4.31
155,5,,Octet,0.8,0.3,0.4,0,1.03,3.67,4.589
156,5,"218
227
236",Octet,0.83,0.51,0.28,0,0.34,3.54,4.271
157,5,,Octet,0.83,0.32,0.63,0,0.36,3.5,4.23
158,5,,Octet,0.82,0.32,0.4,0,0.98,3.54,4.312
159,5,,Octet,0.83,0.32,0.34,0,1.05,3.3,3.965
160,5,,Octet,0.82,0.3,0.32,0,1.12,3.34,4.066
161,5,,Octet,0.81,0.38,0.36,0,0.87,3.84,4.747
162,5,,Octet,0.79,0.4,0.42,0,0.68,3.97,5.007
163,5,179,Octet,0.81,0.49,0.28,0,0.49,3.34,4.101
164,5,,Octet,0.82,0.4,0.38,0,0.77,3.7,4.505
165,5,,Octet,0.83,0.28,0.46,0,0.98,3.56,4.279
166,5,,Octet,0.83,0.32,0.53,0,0.71,3.5,4.235
167,5,,Octet,0.79,0.34,0.4,0,0.93,3.74,4.737
168,5,,Octet,0.79,0.36,0.57,0,0.39,3.77,4.74
169,5,,Octet,0.78,0.34,0.59,0,0.43,3.62,4.632
170,5,,Octet,0.78,0.3,0.44,0,0.97,3.56,4.538
171,5,,Octet,0.83,0.47,0.4,0,0.23,3.99,4.829
172,5,,Octet,0.77,0.28,0.32,0,1.16,3.28,4.265
173,5,,Octet,0.77,0.34,0.44,0,0.86,3.9,5.031
174,5,,Octet,0.76,0.44,0.28,0,0.8,4.07,5.366
175,5,,Octet,0.79,0.44,0.4,0,0.54,3.87,4.885
176,5,,Octet,0.78,0.28,0.53,0,0.84,3.27,4.2
177,5,,Octet,0.8,0.49,0.32,0,0.38,3.86,4.838
178,5,,Octet,0.76,0.29,0.5,0,0.87,3.42,4.503
179,5,,Octet,0.76,0.39,0.31,0,0.92,3.74,4.916
180,5,,Octet,0.78,0.29,0.65,0,0.39,4.31,5.518
181,6,,Octet,0.82,0.44,0.44,0,0.41,4.36,5.316
182,6,,Octet,0.82,0.41,0.39,0,0.71,4.1,5.001
183,6,,Octet,0.8,0.37,0.28,0,1.01,4.19,5.265
184,6,,Octet,0.8,0.39,0.39,0,0.79,3.96,4.971
185,6,,Octet,0.79,0.28,0.5,0,0.9,3.85,4.864
186,6,185,Octet,0.79,0.42,0.33,0,0.79,4.16,5.244
187,6,,Octet,0.8,0.45,0.36,0,0.59,4,4.989
188,6,,Octet,0.83,0.29,0.55,0,0.76,3.95,4.761
189,6,,Octet,0.82,0.38,0.37,0,0.85,4.12,5.031
190,6,,Octet,0.81,0.34,0.35,0,1,3.86,4.763
191,6,,Octet,0.78,0.35,0.33,0,1,3.76,4.813
192,6,,Octet,0.81,0.4,0.5,0,0.42,4.12,5.079
193,6,,Octet,0.79,0.29,0.59,0,0.66,3.64,4.582
194,6,,Octet,0.84,0.37,0.44,0,0.76,4.04,4.828
195,6,190,Octet,0.84,0.42,0.29,0,0.85,3.93,4.69
196,6,,Octet,0.84,0.35,0.48,0,0.72,4.22,5.048
197,6,,Octet,0.79,0.39,0.35,0,0.85,4.24,5.372
198,6,,Octet,0.79,0.35,0.47,0,0.77,4.11,5.207
199,6,,Octet,0.77,0.32,0.35,0,1.05,3.42,4.435
200,6,,Octet,0.8,0.29,0.42,0,1.02,3.82,4.747
201,6,,Octet,0.8,0.33,0.33,0,1.04,3.59,4.468
202,6,26,Octet,0.85,0.45,0.46,0,0.24,4.32,5.111
203,6,,Octet,0.8,0.31,0.58,0,0.61,3.78,4.749
204,6,,Octet,0.77,0.35,0.38,0,0.93,3.79,4.931
205,6,,Octet,0.76,0.34,0.37,0,0.97,3.7,4.902
206,6,,Octet,0.8,0.4,0.43,0,0.66,4.08,5.078
207,6,,Octet,0.82,0.39,0.52,0,0.4,3.9,4.753
208,6,,Octet,0.8,0.37,0.57,0,0.32,3.62,4.502
209,6,,Octet,0.77,0.33,0.52,0,0.7,3.77,4.879
210,6,,Octet,0.77,0.45,0.4,0,0.48,4.07,5.264
211,6,,Octet,0.78,0.34,0.48,0,0.76,3.63,4.641
212,6,"2
56",Octet,0.81,0.48,0.37,0,0.28,3.96,4.86
213,6,,Octet,0.77,0.47,0.28,0,0.66,3.79,4.89
214,6,,Octet,0.75,0.28,0.37,0,1.11,3.54,4.721
215,6,,Octet,0.79,0.33,0.64,0,0.28,3.69,4.645
216,6,,Octet,0.75,0.33,0.42,0,0.92,3.75,4.98
217,7,,Octet,0.83,0.44,0.44,0,0.42,4.13,4.99
218,7,,Octet,0.83,0.35,0.45,0,0.81,4.22,5.115
219,7,,Octet,0.82,0.3,0.5,0,0.84,3.66,4.446
220,7,,Octet,0.82,0.3,0.56,0,0.71,3.66,4.446
221,7,,Octet,0.82,0.31,0.56,0,0.67,3.74,4.58
222,7,,Octet,0.8,0.32,0.54,0,0.69,3.59,4.489
223,7,,Octet,0.8,0.33,0.37,0,0.99,3.42,4.286
224,7,,Octet,0.83,0.36,0.33,0,0.97,3.71,4.486
225,7,,Octet,0.87,0.33,0.61,0,0.4,3.52,4.065
226,7,,Octet,0.89,0.49,0.31,0,0.41,4.01,4.531
227,7,,Octet,0.86,0.5,0.28,0,0.42,3.85,4.479
228,7,,Octet,0.82,0.35,0.59,0,0.36,3.45,4.216
229,7,,Octet,0.82,0.43,0.43,0,0.51,3.82,4.67
230,7,,Octet,0.85,0.39,0.43,0,0.7,4.05,4.776
231,7,,Octet,0.85,0.4,0.29,0,0.92,3.79,4.451
232,7,,Octet,0.84,0.39,0.34,0,0.87,3.83,4.528
233,7,,Octet,0.84,0.31,0.6,0,0.55,3.64,4.338
234,7,,Octet,0.79,0.29,0.56,0,0.74,3.65,4.634
235,7,,Octet,0.81,0.44,0.29,0,0.78,3.79,4.678
236,7,,Octet,0.82,0.34,0.29,0,1.07,3.54,4.345
237,7,,Octet,0.85,0.29,0.48,0,0.91,3.45,4.082
238,7,,Octet,0.84,0.38,0.29,0,0.98,3.73,4.46
239,7,,Octet,0.81,0.36,0.39,0,0.89,3.81,4.687
240,7,,Octet,0.77,0.34,0.39,0,0.94,3.74,4.825
241,7,,Octet,0.8,0.47,0.33,0,0.56,3.45,4.303
242,7,,Octet,0.83,0.3,0.64,0,0.43,3.32,3.982
243,7,,Octet,0.79,0.29,0.41,0,1.03,3.29,4.146
244,7,,Octet,0.8,0.41,0.35,0,0.79,3.76,4.691
245,7,,Octet,0.79,0.33,0.44,0,0.89,3.64,4.634
246,7,,Octet,0.76,0.31,0.31,0,1.11,3.41,4.504
247,7,,Octet,0.78,0.41,0.33,0,0.82,3.7,4.761
248,7,,Octet,0.81,0.47,0.3,0,0.63,3.88,4.801
249,7,,Octet,0.78,0.29,0.53,0,0.81,3.4,4.339
250,7,,Octet,0.79,0.39,0.55,0,0.26,3.72,4.702
251,7,,Octet,0.76,0.31,0.34,0,1.08,3.42,4.494
252,7,188,Octet,0.77,0.46,0.33,0,0.61,3.84,4.973
253,8,,Octet,0.85,0.44,0.44,0,0.41,3.73,4.393
254,8,,Octet,0.84,0.29,0.49,0,0.9,3.94,4.715
255,8,,Octet,0.84,0.37,0.47,0,0.67,3.88,4.617
256,8,181,Octet,0.81,0.41,0.29,0,0.89,3.86,4.768
257,8,,Octet,0.83,0.41,0.46,0,0.53,3.89,4.667
258,8,,Octet,0.8,0.31,0.47,0,0.87,3.66,4.577
259,8,,Octet,0.82,0.37,0.42,0,0.8,3.64,4.454
260,8,,Octet,0.85,0.4,0.39,0,0.75,4.07,4.783
261,8,,Octet,0.86,0.32,0.58,0,0.57,3.62,4.203
262,8,,Octet,0.83,0.39,0.3,0,0.93,3.7,4.463
263,8,,Octet,0.8,0.29,0.32,0,1.14,3.41,4.236
264,8,,Octet,0.82,0.44,0.41,0,0.51,4.25,5.191
265,8,,Octet,0.84,0.44,0.47,0,0.29,3.82,4.549
266,8,,Octet,0.86,0.38,0.48,0,0.6,3.79,4.391
267,8,,Octet,0.88,0.45,0.43,0,0.38,4.04,4.569
268,8,,Octet,0.83,0.35,0.36,0,0.96,3.55,4.28
269,8,,Octet,0.86,0.46,0.41,0,0.38,3.85,4.503
270,8,"140
149
158",Octet,0.78,0.33,0.31,0,1.08,3.73,4.763
271,8,,Octet,0.79,0.35,0.31,0,1.02,3.44,4.334
272,8,,Octet,0.86,0.43,0.41,0,0.57,3.88,4.519
273,8,,Octet,0.81,0.29,0.31,0,1.14,3.35,4.117
274,8,,Octet,0.82,0.29,0.39,0,1.06,3.52,4.309
275,8,,Octet,0.86,0.41,0.52,0,0.25,3.9,4.542
276,8,,Octet,0.81,0.38,0.5,0,0.54,4.05,4.979
277,8,,Octet,0.81,0.47,0.42,0,0.24,3.69,4.559
278,8,,Octet,0.79,0.29,0.45,0,0.97,3.27,4.144
279,8,,Octet,0.8,0.33,0.49,0,0.77,3.7,4.637
280,8,,Octet,0.82,0.45,0.42,0,0.41,3.82,4.633
281,8,,Octet,0.82,0.47,0.4,0,0.34,3.89,4.769
282,8,,Octet,0.78,0.35,0.53,0,0.59,3.64,4.638
283,8,,Octet,0.8,0.36,0.54,0,0.51,3.46,4.308
284,8,,Octet,0.79,0.39,0.45,0,0.66,3.9,4.908
285,8,,Octet,0.77,0.37,0.33,0,0.95,3.82,4.977
286,8,,Octet,0.79,0.29,0.62,0,0.56,3.56,4.521
287,8,,Octet,0.76,0.3,0.35,0,1.09,3.44,4.52
288,8,,Octet,0.79,0.31,0.63,0,0.42,3.64,4.609
289,9,,Octet,0.83,0.44,0.44,0,0.42,4.1,4.96
290,9,,Octet,0.82,0.4,0.41,0,0.71,4.1,4.995
291,9,,Octet,0.81,0.31,0.42,0,0.97,3.64,4.492
292,9,,Octet,0.8,0.32,0.29,0,1.11,3.64,4.54
293,9,,Octet,0.82,0.42,0.39,0,0.67,4.3,5.248
294,9,,Octet,0.81,0.3,0.52,0,0.8,3.82,4.733
295,9,,Octet,0.81,0.38,0.43,0,0.75,3.93,4.879
296,9,,Octet,0.85,0.37,0.5,0,0.59,3.98,4.695
297,9,,Octet,0.82,0.32,0.31,0,1.09,3.59,4.407
298,9,,Octet,0.86,0.35,0.54,0,0.56,3.84,4.486
299,9,270,Octet,0.82,0.32,0.47,0,0.87,4.03,4.906
300,9,,Octet,0.79,0.31,0.4,0,1,3.56,4.49
301,9,,Octet,0.8,0.36,0.31,0,1,3.61,4.498
302,9,,Octet,0.86,0.34,0.54,0,0.61,3.98,4.624
303,9,,Octet,0.86,0.37,0.4,0,0.84,3.91,4.544
304,9,,Octet,0.85,0.41,0.38,0,0.73,4.05,4.741
305,9,,Octet,0.83,0.45,0.32,0,0.68,4.06,4.872
306,9,,Octet,0.82,0.36,0.6,0,0.2,3.76,4.592
307,9,,Octet,0.79,0.35,0.3,0,1.04,3.52,4.462
308,9,,Octet,0.83,0.3,0.43,0,0.99,3.75,4.518
309,9,,Octet,0.87,0.47,0.31,0,0.6,3.89,4.465
310,9,,Octet,0.85,0.38,0.41,0,0.78,4.16,4.905
311,9,,Octet,0.82,0.34,0.52,0,0.67,3.89,4.737
312,9,,Octet,0.78,0.37,0.32,0,0.96,3.93,5.036
313,9,,Octet,0.8,0.36,0.58,0,0.34,3.41,4.271
314,9,,Octet,0.81,0.45,0.28,0,0.76,3.7,4.557
315,9,,Octet,0.83,0.39,0.47,0,0.58,4.07,4.924
316,9,,Octet,0.81,0.37,0.31,0,0.98,3.71,4.613
317,9,"93
111
129",Octet,0.8,0.38,0.56,0,0.29,3.88,4.84
318,9,,Octet,0.78,0.36,0.47,0,0.73,4.03,5.164
319,9,,Octet,0.8,0.28,0.62,0,0.6,3.7,4.635
320,9,,Octet,0.81,0.47,0.39,0,0.29,3.73,4.632
321,9,,Octet,0.81,0.37,0.56,0,0.37,3.67,4.535
322,9,269,Octet,0.81,0.32,0.64,0,0.3,3.71,4.563
323,9,,Octet,0.77,0.33,0.41,0,0.94,3.69,4.78
324,9,,Octet,0.79,0.33,0.57,0,0.56,3.85,4.891
325,10,,Octet,0.82,0.44,0.44,0,0.42,4.14,5.031
326,10,,Octet,0.84,0.46,0.37,0,0.52,4.04,4.792
327,10,,Octet,0.81,0.31,0.43,0,0.96,3.77,4.676
328,10,,Octet,0.82,0.43,0.42,0,0.54,4.02,4.921
329,10,189,Octet,0.82,0.46,0.39,0,0.45,4.22,5.149
330,10,,Octet,0.81,0.43,0.45,0,0.45,4.15,5.145
331,10,,Octet,0.79,0.37,0.45,0,0.74,3.73,4.705
332,10,,Octet,3.8,0.41,0.28,0,0.9,5.7,1.501
333,10,191,Octet,0.85,0.44,0.35,0,0.66,4.38,5.134
334,10,,Octet,0.82,0.28,0.47,0,0.97,3.81,4.638
335,10,,Octet,0.81,0.41,0.37,0,0.75,3.81,4.697
336,10,,Octet,0.81,0.43,0.46,0,0.42,4.05,5.019
337,10,,Octet,0.81,0.44,0.33,0,0.7,3.78,4.679
338,10,,Octet,0.81,0.31,0.28,0,1.14,3.44,4.246
339,10,,Octet,0.88,0.39,0.51,0,0.45,4.02,4.586
340,10,,Octet,0.84,0.39,0.44,0,0.68,4.36,5.175
341,10,22,Octet,0.82,0.32,0.62,0,0.4,3.72,4.521
342,10,"90
108
126",Octet,0.78,0.38,0.31,0,0.95,4,5.144
343,10,,Octet,0.81,0.35,0.57,0,0.45,3.58,4.415
344,10,,Octet,0.82,0.41,0.34,0,0.81,3.8,4.62
345,10,,Octet,0.83,0.3,0.47,0,0.92,3.77,4.553
346,10,,Octet,0.85,0.45,0.41,0,0.46,4.05,4.744
347,10,,Octet,0.82,0.34,0.6,0,0.38,3.77,4.578
348,10,,Octet,0.78,0.33,0.45,0,0.88,3.92,5.023
349,10,,Octet,0.77,0.35,0.44,0,0.83,3.54,4.563
350,10,,Octet,0.8,0.28,0.52,0,0.86,3.65,4.554
351,10,,Octet,0.79,0.37,0.29,0,1,3.91,4.983
352,10,180,Octet,0.8,0.46,0.29,0,0.69,3.89,4.882
353,10,,Octet,0.8,0.43,0.44,0,0.48,3.83,4.821
354,10,,Octet,0.8,0.31,0.65,0,0.24,3.4,4.232
355,10,,Octet,0.77,0.3,0.31,0,1.13,3.31,4.296
356,10,"142
151
160",Octet,0.8,0.33,0.56,0,0.59,3.86,4.838
357,10,,Octet,0.8,0.29,0.66,0,0.34,3.55,4.427
358,10,,Octet,0.78,0.31,0.61,0,0.51,3.45,4.439
359,10,,Octet,0.8,0.42,0.5,0,0.27,3.75,4.688
360,10,,Octet,0.77,0.45,0.39,0,0.51,3.85,4.974
361,11,,Octet,0.84,0.44,0.44,0,0.42,4.08,4.837
362,11,,Octet,0.82,0.32,0.45,0,0.9,3.98,4.874
363,11,,Octet,0.83,0.42,0.41,0,0.61,4.48,5.398
364,11,,Octet,0.83,0.31,0.52,0,0.77,3.92,4.728
365,11,,Octet,0.82,0.43,0.36,0,0.69,4.01,4.877
366,11,,Octet,0.84,0.45,0.45,0,0.3,4.02,4.801
367,11,,Octet,0.81,0.38,0.33,0,0.92,3.9,4.848
368,11,,Octet,0.82,0.37,0.36,0,0.9,3.79,4.606
369,11,,Octet,0.85,0.33,0.5,0,0.75,4.1,4.802
370,11,,Octet,0.85,0.36,0.48,0,0.69,4.37,5.135
371,11,,Octet,0.87,0.49,0.35,0,0.25,3.93,4.499
372,11,,Octet,0.8,0.29,0.46,0,0.96,3.63,4.541
373,11,197,Octet,0.83,0.47,0.39,0,0.38,3.74,4.486
374,11,,Octet,0.85,0.45,0.35,0,0.62,3.98,4.669
375,11,,Octet,0.89,0.33,0.6,0,0.44,3.94,4.412
376,11,,Octet,0.86,0.29,0.51,0,0.86,3.96,4.627
377,11,,Octet,0.83,0.33,0.54,0,0.65,3.78,4.54
378,11,,Octet,0.78,0.29,0.3,0,1.15,3.22,4.114
379,11,,Octet,0.82,0.43,0.4,0,0.59,4.01,4.896
380,11,,Octet,0.87,0.35,0.61,0,0.23,3.86,4.459
381,11,,Octet,0.87,0.42,0.43,0,0.57,4.25,4.904
382,11,,Octet,0.83,0.28,0.45,0,1,3.67,4.397
383,11,,Octet,0.82,0.37,0.3,0,0.99,3.94,4.825
384,11,,Octet,0.83,0.3,0.65,0,0.33,3.58,4.305
385,11,,Octet,0.79,0.35,0.32,0,1.01,3.66,4.613
386,11,,Octet,0.84,0.37,0.55,0,0.41,3.82,4.551
387,11,,Octet,0.81,0.35,0.4,0,0.9,3.91,4.824
388,11,,Octet,0.8,0.36,0.35,0,0.95,3.71,4.608
389,11,,Octet,0.81,0.42,0.31,0,0.82,3.99,4.949
390,11,,Octet,0.79,0.43,0.34,0,0.73,4.1,5.168
391,11,,Octet,0.8,0.36,0.41,0,0.85,3.85,4.786
392,11,,Octet,0.83,0.42,0.48,0,0.37,4.44,5.362
393,11,8,Octet,0.79,0.29,0.29,0,1.17,3.39,4.292
394,11,,Octet,0.79,0.35,0.46,0,0.79,4.02,5.092
395,11,,Octet,0.8,0.32,0.52,0,0.74,3.89,4.882
396,11,,Octet,0.78,0.34,0.43,0,0.88,3.82,4.927
397,12,,Octet,0.84,0.44,0.44,0,0.42,4.08,4.872
398,12,,Octet,0.82,0.31,0.39,0,1.02,3.55,4.31
399,12,,Octet,0.86,0.47,0.37,0,0.37,4.14,4.834
400,12,,Octet,0.84,0.42,0.35,0,0.75,4.03,4.807
401,12,,Octet,0.83,0.28,0.58,0,0.73,3.8,4.594
402,12,,Octet,0.84,0.34,0.58,0,0.47,3.82,4.548
403,12,,Octet,0.8,0.31,0.29,0,1.13,3.68,4.585
404,12,,Octet,0.84,0.37,0.37,0,0.89,4.07,4.858
405,12,,Octet,0.84,0.4,0.33,0,0.86,4.04,4.814
406,12,,Octet,0.88,0.37,0.54,0,0.45,3.86,4.379
407,12,"92
110
128",Octet,0.84,0.38,0.45,0,0.7,4.19,4.974
408,12,,Octet,0.82,0.29,0.52,0,0.83,3.83,4.651
409,12,,Octet,0.82,0.37,0.39,0,0.85,4.02,4.919
410,12,,Octet,0.86,0.29,0.6,0,0.63,3.9,4.515
411,12,,Octet,0.88,0.34,0.47,0,0.8,4.18,4.736
412,12,,Octet,0.87,0.45,0.29,0,0.74,4.12,4.731
413,12,,Octet,0.84,0.28,0.6,0,0.67,4.03,4.811
414,12,,Octet,0.85,0.48,0.35,0,0.36,3.95,4.631
415,12,,Octet,0.81,0.34,0.33,0,1.02,3.58,4.406
416,12,,Octet,0.85,0.41,0.41,0,0.67,3.97,4.686
417,12,,Octet,0.9,0.4,0.54,0,0.21,4.02,4.488
418,12,198,Octet,0.87,0.45,0.31,0,0.7,4.11,4.71
419,12,,Octet,0.85,0.45,0.38,0,0.55,3.95,4.644
420,12,,Octet,0.81,0.33,0.39,0,0.97,5.25,6.462
421,12,,Octet,0.8,0.43,0.32,0,0.77,3.83,4.768
422,12,,Octet,0.81,0.28,0.33,0,1.15,3.63,4.501
423,12,,Octet,0.84,0.4,0.48,0,0.5,4.2,4.978
424,12,,Octet,0.81,0.29,0.37,0,1.09,3.71,4.602
425,12,,Octet,0.84,0.47,0.34,0,0.53,4.06,4.866
426,12,,Octet,0.81,0.35,0.52,0,0.62,3.93,4.831
427,12,,Octet,0.84,0.28,0.67,0,0.35,3.84,4.569
428,12,,Octet,0.79,0.33,0.29,0,1.09,3.57,4.513
429,12,,Octet,0.8,0.39,0.38,0,0.8,4.07,5.06
430,12,"164
168
172",Octet,0.81,0.33,0.47,0,0.81,3.88,4.762
431,12,,Octet,0.81,0.31,0.48,0,0.86,3.9,4.836
432,12,,Octet,0.8,0.35,0.37,0,0.95,3.83,4.778
433,13,,Octet,0.85,0.44,0.44,0,0.42,4.55,5.379
434,13,,Octet,0.87,0.47,0.41,0,0.29,4.55,5.257
435,13,,Octet,0.87,0.43,0.48,0,0.29,4.84,5.587
436,13,,Octet,0.84,0.43,0.39,0,0.62,4.32,5.144
437,13,,Octet,0.85,0.31,0.59,0,0.58,4,4.732
438,13,,Octet,0.8,0.29,0.35,0,1.11,3.67,4.555
439,13,,Octet,0.83,0.3,0.58,0,0.65,4.01,4.847
440,13,"144
153
162",Octet,0.89,0.43,0.47,0,0.33,4.73,5.336
441,13,,Octet,0.88,0.32,0.6,0,0.49,4.41,4.989
442,13,,Octet,0.86,0.45,0.33,0,0.66,4.45,5.189
443,13,,Octet,0.85,0.41,0.42,0,0.65,4.37,5.164
444,13,,Octet,0.83,0.37,0.49,0,0.62,4.12,4.952
445,13,,Octet,0.8,0.28,0.29,0,1.19,3.48,4.382
446,13,"139
148
157",Octet,0.85,0.28,0.56,0,0.77,3.98,4.678
447,13,176,Octet,0.91,0.49,0.33,0,0.34,4.19,4.62
448,13,,Octet,0.85,0.35,0.41,0,0.89,4.07,4.788
449,13,,Octet,0.85,0.41,0.47,0,0.5,4.49,5.261
450,13,,Octet,0.79,0.29,0.38,0,1.07,3.8,4.796
451,13,,Octet,0.81,0.29,0.47,0,0.93,3.86,4.796
452,13,,Octet,0.85,0.39,0.46,0,0.63,4.47,5.23
453,13,,Octet,0.85,0.34,0.45,0,0.84,4.14,4.894
454,13,,Octet,0.83,0.28,0.43,0,1.03,3.72,4.508
455,13,,Octet,0.83,0.32,0.56,0,0.63,3.94,4.755
456,13,,Octet,0.79,0.37,0.38,0,0.87,4.29,5.423
457,13,,Octet,0.78,0.31,0.35,0,1.07,3.58,4.61
458,13,,Octet,0.86,0.5,0.32,0,0.28,4.07,4.743
459,13,,Octet,0.81,0.35,0.42,0,0.87,4.17,5.153
460,13,,Octet,0.8,0.31,0.41,0,0.99,4.13,5.133
461,13,,Octet,0.79,0.3,0.37,0,1.06,3.7,4.691
462,13,,Octet,0.8,0.45,0.34,0,0.64,4.3,5.354
463,13,187,Octet,0.81,0.44,0.37,0,0.62,4.2,5.191
464,13,,Octet,0.79,0.41,0.31,0,0.86,4.33,5.486
465,13,,Octet,0.82,0.51,0.29,0,0.3,3.82,4.664
466,13,,Octet,0.8,0.37,0.51,0,0.56,4.18,5.229
467,13,,Octet,0.76,0.31,0.3,0,1.12,3.56,4.663
468,13,,Octet,0.77,0.29,0.4,0,1.05,3.94,5.1
469,14,,Octet,0.81,0.44,0.44,0,0.42,3.92,4.819
470,14,,Octet,0.82,0.38,0.54,0,0.39,3.94,4.779
471,14,,Octet,0.81,0.34,0.56,0,0.54,3.72,4.598
472,14,3,Octet,0.82,0.48,0.33,0,0.43,4.23,5.155
473,14,,Octet,0.81,0.41,0.48,0,0.44,4.19,5.146
474,14,,Octet,0.8,0.35,0.6,0,0.31,3.65,4.55
475,14,,Octet,0.79,0.39,0.36,0,0.84,3.83,4.839
476,14,,Octet,0.84,0.31,0.55,0,0.7,3.96,4.698
477,14,,Octet,0.82,0.39,0.37,0,0.83,4.12,5.044
478,14,,Octet,0.81,0.29,0.44,0,0.99,3.82,4.697
479,14,,Octet,0.82,0.4,0.45,0,0.61,4.27,5.225
480,14,,Octet,0.78,0.35,0.35,0,0.98,3.76,4.851
481,14,,Octet,0.81,0.39,0.47,0,0.61,4.15,5.149
482,14,,Octet,0.87,0.5,0.3,0,0.36,3.79,4.373
483,14,,Octet,0.83,0.33,0.4,0,0.95,3.69,4.465
484,14,,Octet,0.83,0.32,0.39,0,1,3.75,4.516
485,14,,Octet,0.79,0.35,0.29,0,1.05,3.7,4.686
486,14,,Octet,0.77,0.33,0.46,0,0.85,3.82,4.935
487,14,,Octet,0.8,0.44,0.31,0,0.74,3.79,4.744
488,14,,Octet,0.82,0.41,0.3,0,0.87,4.07,4.99
489,14,,Octet,0.84,0.31,0.49,0,0.84,4.1,4.91
490,14,,Octet,0.85,0.29,0.65,0,0.44,3.9,4.609
491,14,,Octet,0.8,0.29,0.47,0,0.94,3.86,4.855
492,14,,Octet,0.76,0.3,0.33,0,1.11,3.35,4.384
493,14,,Octet,0.8,0.33,0.63,0,0.28,4.02,4.99
494,14,,Octet,0.8,0.36,0.37,0,0.92,3.76,4.714
495,14,,Octet,0.78,0.31,0.33,0,1.09,3.6,4.595
496,14,,Octet,0.8,0.37,0.47,0,0.7,4.07,5.099
497,14,,Octet,0.77,0.36,0.43,0,0.81,3.8,4.911
498,14,,Octet,0.79,0.34,0.62,0,0.27,3.77,4.788
499,14,"96
114
132",Octet,0.8,0.47,0.31,0,0.55,3.52,4.38
500,14,,Octet,0.78,0.31,0.51,0,0.79,3.61,4.603
501,14,,Octet,0.78,0.29,0.54,0,0.79,3.56,4.587
502,14,,Octet,0.78,0.41,0.45,0,0.56,3.85,4.92
503,14,,Octet,0.79,0.44,0.43,0,0.46,4,5.054
504,14,,Octet,0.76,0.33,0.32,0,1.06,3.81,5.005
505,15,,Octet,0.8,0.44,0.44,0,0.42,3.92,4.906
506,15,,Octet,0.79,0.33,0.35,0,1.03,3.8,4.836
507,15,,Octet,0.77,0.3,0.29,0,1.15,3.53,4.609
508,15,,Octet,0.77,0.35,0.43,0,0.85,4.06,5.263
509,15,,Octet,0.77,0.3,0.45,0,0.95,4.11,5.369
510,15,,Octet,0.76,0.29,0.43,0,1,3.83,5.019
511,15,,Octet,0.77,0.32,0.37,0,1.02,3.9,5.087
512,15,,Octet,0.79,0.31,0.38,0,1.03,3.8,4.811
513,15,,Octet,0.83,0.47,0.32,0,0.58,4.1,4.952
514,15,"175
211
214
220
223
229
232",Octet,0.8,0.48,0.28,0,0.56,3.88,4.866
515,15,,Octet,0.77,0.39,0.4,0,0.77,4.43,5.749
516,15,,Octet,0.77,0.33,0.51,0,0.73,4.02,5.247
517,15,,Octet,0.78,0.36,0.52,0,0.57,3.96,5.046
518,15,184,Octet,0.81,0.45,0.37,0,0.57,4.23,5.21
519,15,,Octet,0.85,0.48,0.32,0,0.45,4,4.711
520,15,,Octet,0.82,0.39,0.53,0,0.37,4.08,4.968
521,15,"193
212
221
230",Octet,0.76,0.39,0.32,0,0.91,4.2,5.523
522,15,,Octet,0.78,0.31,0.65,0,0.32,3.79,4.85
523,15,23,Octet,0.78,0.33,0.59,0,0.48,3.51,4.484
524,15,,Octet,0.79,0.28,0.48,0,0.93,3.77,4.785
525,15,"217
226
235",Octet,0.82,0.47,0.35,0,0.5,4.14,5.046
526,15,,Octet,0.8,0.41,0.44,0,0.59,4.23,5.31
527,15,194,Octet,0.8,0.5,0.29,0,0.39,3.56,4.443
528,15,,Octet,0.74,0.29,0.34,0,1.12,3.56,4.811
529,15,,Octet,0.74,0.33,0.28,0,1.1,3.92,5.321
530,15,,Octet,0.79,0.38,0.47,0,0.65,4,5.094
531,15,,Octet,0.76,0.36,0.29,0,1.03,3.81,5.015
532,15,,Octet,0.78,0.47,0.37,0,0.44,3.99,5.126
533,15,,Octet,0.77,0.33,0.62,0,0.35,3.49,4.559
534,15,,Octet,0.74,0.43,0.3,0,0.8,3.86,5.236
535,15,,Octet,0.76,0.35,0.47,0,0.75,3.76,4.96
536,15,,Octet,0.77,0.43,0.37,0,0.67,4.05,5.27
537,15,,Octet,0.77,0.3,0.62,0,0.52,3.73,4.834
538,15,,Octet,0.75,0.31,0.53,0,0.75,3.42,4.569
539,15,,Octet,0.74,0.43,0.29,0,0.81,3.71,5.005
540,15,,Octet,0.75,0.35,0.5,0,0.68,3.83,5.11
541,16,,Octet,0.82,0.44,0.44,0,0.42,3.79,4.598
542,16,,Octet,0.81,0.32,0.41,0,0.96,3.63,4.466
543,16,,Octet,0.82,0.33,0.53,0,0.67,3.67,4.465
544,16,,Octet,0.8,0.37,0.46,0,0.72,3.98,4.958
545,16,,Octet,0.82,0.47,0.38,0,0.42,3.82,4.661
546,16,,Octet,0.8,0.41,0.32,0,0.84,3.85,4.834
547,16,,Octet,0.82,0.35,0.58,0,0.41,3.81,4.653
548,16,,Octet,0.86,0.48,0.34,0,0.39,3.69,4.265
549,16,,Octet,0.87,0.37,0.58,0,0.26,3.8,4.388
550,16,,Octet,0.85,0.35,0.55,0,0.53,4,4.698
551,16,,Octet,0.82,0.36,0.56,0,0.43,3.88,4.757
552,16,,Octet,0.82,0.46,0.43,0,0.3,3.9,4.769
553,16,,Octet,0.78,0.32,0.33,0,1.08,3.64,4.649
554,16,,Octet,0.85,0.48,0.3,0,0.51,3.79,4.436
555,16,,Octet,0.88,0.43,0.49,0,0.21,4.19,4.773
556,16,,Octet,0.86,0.46,0.31,0,0.66,3.55,4.131
557,16,,Octet,0.82,0.4,0.47,0,0.56,4.11,5.029
558,16,,Octet,0.81,0.39,0.5,0,0.48,4.08,5.063
559,16,178,Octet,0.82,0.5,0.31,0,0.32,3.07,3.732
560,16,,Octet,0.8,0.31,0.37,0,1.04,3.65,4.549
561,16,,Octet,0.81,0.33,0.3,0,1.09,3.51,4.325
562,16,,Octet,0.83,0.43,0.33,0,0.75,3.96,4.793
563,16,,Octet,0.83,0.47,0.35,0,0.44,3.62,4.36
564,16,,Octet,0.78,0.31,0.46,0,0.91,3.79,4.863
565,16,,Octet,0.79,0.39,0.49,0,0.52,3.91,4.921
566,16,,Octet,0.82,0.39,0.48,0,0.55,4.08,4.981
567,16,,Octet,0.81,0.3,0.6,0,0.59,3.85,4.731
568,16,,Octet,0.78,0.33,0.34,0,1.03,3.77,4.828
569,16,,Octet,0.78,0.41,0.4,0,0.69,3.95,5.039
570,16,,Octet,0.77,0.32,0.5,0,0.78,3.69,4.776
571,16,,Octet,0.8,0.41,0.49,0,0.4,3.83,4.81
572,16,,Octet,0.78,0.4,0.37,0,0.79,3.89,4.996
573,16,,Octet,0.78,0.33,0.55,0,0.61,3.72,4.783
574,16,,Octet,0.81,0.5,0.33,0,0.23,3.29,4.057
575,16,,Octet,0.76,0.3,0.54,0,0.76,3.62,4.77
576,16,,Octet,0.77,0.31,0.62,0,0.47,3.78,4.891
577,17,,Octet,0.8,0.44,0.44,0,0.42,3.74,4.665
578,17,,Octet,0.82,0.29,0.64,0,0.48,3.84,4.678
579,17,,Octet,0.81,0.45,0.44,0,0.34,3.56,4.405
580,17,,Octet,0.81,0.47,0.33,0,0.5,3.52,4.343
581,17,,Octet,0.8,0.43,0.47,0,0.38,3.72,4.644
582,17,,Octet,0.77,0.31,0.54,0,0.73,3.63,4.683
583,17,,Octet,0.8,0.42,0.47,0,0.45,3.73,4.65
584,17,,Octet,0.81,0.36,0.45,0,0.77,3.86,4.78
585,17,,Octet,0.79,0.29,0.36,0,1.09,3.51,4.426
586,17,,Octet,0.82,0.48,0.31,0,0.48,3.47,4.211
587,17,,Octet,0.8,0.42,0.45,0,0.51,3.81,4.767
588,17,,Octet,0.75,0.29,0.33,0,1.13,3.42,4.54
589,17,15,Octet,0.8,0.29,0.63,0,0.53,3.86,4.831
590,17,,Octet,0.83,0.47,0.29,0,0.59,3.48,4.178
591,17,,Octet,0.83,0.38,0.39,0,0.82,3.77,4.55
592,17,199,Octet,0.82,0.43,0.35,0,0.72,3.88,4.747
593,17,,Octet,0.78,0.3,0.41,0,1.02,3.6,4.619
594,17,,Octet,0.77,0.41,0.36,0,0.77,3.86,5.037
595,17,,Octet,0.78,0.33,0.43,0,0.91,3.46,4.456
596,17,,Octet,0.8,0.4,0.35,0,0.82,3.65,4.55
597,17,,Octet,0.81,0.37,0.35,0,0.92,3.67,4.514
598,17,,Octet,0.8,0.37,0.43,0,0.78,3.79,4.736
599,17,,Octet,0.78,0.35,0.39,0,0.91,3.64,4.677
600,17,,Octet,0.77,0.29,0.61,0,0.6,3.35,4.326
601,17,,Octet,0.78,0.44,0.39,0,0.57,3.57,4.608
602,17,,Octet,0.81,0.48,0.36,0,0.33,3.06,3.771
603,17,,Octet,0.78,0.39,0.33,0,0.89,3.94,5.046
604,17,,Octet,0.79,0.41,0.43,0,0.62,4.13,5.256
605,17,,Octet,0.76,0.28,0.35,0,1.13,3.31,4.381
606,17,,Octet,0.75,0.39,0.42,0,0.73,3.71,4.938
607,17,,Octet,0.76,0.35,0.34,0,0.98,3.63,4.766
608,17,,Octet,0.78,0.32,0.48,0,0.83,3.41,4.395
609,17,,Octet,0.78,0.36,0.5,0,0.63,3.63,4.656
610,17,,Octet,0.79,0.31,0.64,0,0.37,3.4,4.286
611,17,,Octet,0.76,0.31,0.45,0,0.93,3.58,4.743
612,17,,Octet,0.75,0.38,0.35,0,0.89,3.65,4.888
613,18,,Octet,0.82,0.44,0.44,0,0.42,4.15,5.075
614,18,,Octet,0.85,0.41,0.51,0,0.3,4.25,5.013
615,18,,Octet,0.81,0.45,0.3,0,0.72,4.53,5.591
616,18,,Octet,0.79,0.34,0.41,0,0.91,4,5.073
617,18,,Octet,0.82,0.37,0.53,0,0.5,4.08,4.991
618,18,,Octet,0.77,0.39,0.29,0,0.95,3.96,5.148
619,18,,Octet,0.8,0.34,0.5,0,0.72,3.93,4.879
620,18,,Octet,0.86,0.44,0.45,0,0.38,4.59,5.36
621,18,,Octet,0.88,0.29,0.67,0,0.28,3.99,4.55
622,18,,Octet,0.8,0.31,0.32,0,1.1,3.85,4.822
623,18,"141
150
159",Octet,0.8,0.33,0.38,0,0.99,4.07,5.07
624,18,,Octet,0.77,0.31,0.44,0,0.94,3.86,5.029
625,18,,Octet,0.82,0.46,0.35,0,0.56,4.07,4.989
626,18,186,Octet,0.83,0.4,0.31,0,0.89,4.14,5.005
627,18,,Octet,0.85,0.31,0.5,0,0.82,4.23,4.982
628,18,,Octet,0.85,0.37,0.52,0,0.52,4.17,4.935
629,18,,Octet,0.81,0.31,0.57,0,0.64,3.77,4.656
630,18,,Octet,0.77,0.28,0.54,0,0.82,3.6,4.68
631,18,,Octet,0.79,0.28,0.41,0,1.05,3.71,4.717
632,18,,Octet,0.82,0.31,0.47,0,0.89,3.86,4.689
633,18,177,Octet,0.84,0.43,0.28,0,0.83,4.34,5.188
634,18,,Octet,0.84,0.47,0.36,0,0.47,4.19,4.97
635,18,,Octet,0.79,0.31,0.36,0,1.05,3.9,4.925
636,18,,Octet,0.77,0.37,0.34,0,0.93,4.15,5.374
637,18,,Octet,0.79,0.35,0.51,0,0.65,3.89,4.919
638,18,"213
222
231",Octet,0.8,0.35,0.28,0,1.06,4.06,5.109
639,18,,Octet,0.79,0.33,0.36,0,1.01,3.83,4.876
640,18,,Octet,0.79,0.39,0.41,0,0.75,4.11,5.171
641,18,"143
152
161
182",Octet,0.79,0.43,0.31,0,0.78,4.45,5.616
642,18,,Octet,0.78,0.47,0.29,0,0.65,4.37,5.61
643,18,,Octet,0.8,0.28,0.64,0,0.53,3.54,4.43
644,18,,Octet,0.78,0.42,0.37,0,0.71,3.96,5.067
645,18,,Octet,0.78,0.29,0.57,0,0.72,3.6,4.649
646,18,,Octet,0.78,0.37,0.48,0,0.65,3.96,5.067
647,18,,Octet,0.78,0.35,0.49,0,0.7,3.89,5.017
648,18,,Octet,0.78,0.41,0.47,0,0.47,3.99,5.114
649,19,,Octet,0.81,0.44,0.44,0,0.42,4.42,5.428
650,19,,Octet,0.79,0.39,0.28,0,0.96,4.08,5.142
651,19,,Octet,0.83,0.49,0.29,0,0.47,4.11,4.928
652,19,,Octet,0.8,0.29,0.58,0,0.69,3.82,4.774
653,19,,Octet,0.81,0.38,0.52,0,0.47,4.18,5.151
654,19,"98
116
134",Octet,0.79,0.43,0.38,0,0.64,4.06,5.154
655,19,,Octet,0.79,0.32,0.43,0,0.93,3.84,4.894
656,19,,Octet,0.81,0.34,0.31,0,1.04,4.03,5.002
657,19,,Octet,0.81,0.3,0.39,0,1.04,3.86,4.78
658,19,,Octet,0.84,0.28,0.65,0,0.45,4.04,4.792
659,19,,Octet,0.83,0.41,0.5,0,0.35,4.31,5.178
660,19,,Octet,0.78,0.33,0.58,0,0.52,3.76,4.824
661,19,,Octet,0.81,0.48,0.29,0,0.54,3.62,4.48
662,19,,Octet,0.82,0.3,0.48,0,0.88,4.08,4.967
663,19,,Octet,0.81,0.28,0.39,0,1.08,3.68,4.542
664,19,,Octet,0.81,0.37,0.41,0,0.81,4.27,5.271
665,19,,Octet,0.81,0.4,0.52,0,0.34,4.12,5.1
666,19,,Octet,0.76,0.33,0.48,0,0.79,3.97,5.2
667,19,,Octet,0.76,0.29,0.28,0,1.18,3.46,4.519
668,19,,Octet,0.82,0.39,0.54,0,0.32,4.31,5.289
669,19,,Octet,0.81,0.35,0.56,0,0.49,4.03,4.968
670,19,,Octet,0.79,0.33,0.47,0,0.84,3.95,5.012
671,19,"137
146
155",Octet,0.75,0.28,0.31,0,1.17,3.43,4.543
672,20,,Octet,0.88,0.44,0.44,0,0.42,4.19,4.755
673,20,,Octet,0.84,0.41,0.28,0,0.9,3.83,4.546
674,20,264,Octahedral,0.74,0.28,1,0,0.78,4.99,6.782
675,20,,Octahedral,0.74,0.44,0.82,0,0.86,4.48,6.063
676,20,,Octahedral,0.73,0.32,0.87,0,0.99,4.07,5.605
677,20,"239
248
251
256",Octahedral,0.76,0.66,0.58,0,0.6,6.85,8.994
678,20,205,Octahedral,0.77,0.7,0.34,0,0.89,6.05,7.838
679,20,,Octahedral,0.76,0.51,0.4,0,1.26,4.28,5.594
680,20,,Octahedral,0.78,0.4,0.4,0,1.41,3.85,4.929
681,20,,Octahedral,0.78,0.32,0.64,0,1.3,3.64,4.686
682,20,,Octahedral,0.74,0.32,0.58,0,1.36,3.51,4.771
683,20,,Octahedral,0.76,0.66,0.34,0,1,5.32,7.024
684,20,,Octahedral,0.73,0.4,0.76,0,1.05,4.1,5.612
685,20,"249
252
257",Octahedral,0.78,0.7,0.4,0,0.8,6.15,7.883
686,20,,Octahedral,0.8,0.78,0.34,0,0.51,6.88,8.608
687,20,,Octahedral,0.76,0.44,0.87,0,0.72,4.36,5.699
688,20,,Octahedral,0.76,0.59,0.58,0,0.9,5.48,7.205
689,20,,Octahedral,0.75,0.63,0.58,0,0.77,5.74,7.641
690,20,244,Octahedral,0.77,0.66,0.64,0,0.43,5.79,7.551
691,20,,Octahedral,0.77,0.7,0.28,0,0.95,5.87,7.623
692,20,,Octahedral,0.74,0.4,0.47,0,1.36,3.48,4.73
693,20,238,Octahedral,0.77,0.59,0.47,0,1.06,4.66,6.074
694,20,,Octahedral,0.73,0.36,0.93,0,0.78,5.25,7.178
695,20,202,Octahedral,0.73,0.4,0.93,0,0.67,5.38,7.325
696,20,,Octahedral,0.7,0.28,0.76,0,1.21,3.59,5.139
697,20,206,Octahedral,0.74,0.59,0.4,0,1.13,4.18,5.632
698,20,,Octahedral,0,0.51,0.34,0,1.3,0,0
699,20,,Octahedral,0.75,0.51,0.87,0,0.39,4.99,6.651
700,20,268,Octahedral,0.74,0.51,0.82,0,0.61,4.58,6.181
701,20,,Octahedral,0.73,0.47,0.82,0,0.75,4.47,6.11
702,20,,Octahedral,0.73,0.28,0.4,0,1.5,2.73,3.754
703,20,245,Octahedral,0.76,0.7,0.47,0,0.68,5.77,7.647
704,20,,Octahedral,0,0.63,0.47,0,0.96,0,0
705,20,,Octahedral,0.71,0.36,0.47,0,1.39,3.41,4.83
706,20,,Octahedral,0.73,0.4,1,0,0.4,5.12,7.032
707,20,,Octahedral,0.74,0.63,0.64,0,0.63,5.91,8.003
708,21,,Octet,0.86,0.44,0.44,0,0.42,4.26,4.925
709,21,,Octahedral,0.75,0.44,0.7,0,1.06,4.53,6.045
710,21,,Octahedral,0.76,0.47,0.7,0,0.98,4.97,6.572
711,21,,Octahedral,0.73,0.32,1,0,0.68,5.55,7.643
712,21,,Octahedral,0.74,0.44,0.4,0,1.36,3.8,5.152
713,21,,Octahedral,0.75,0.51,0.52,0,1.15,5.49,7.338
714,21,266,Octahedral,0.73,0.28,0.82,0,1.15,4.25,5.784
715,21,,Octahedral,0,0.59,0.64,0,0.79,0,0
716,21,241,Octahedral,0.76,0.55,0.58,0,1,5.79,7.601
717,21,,Octahedral,0.73,0.36,0.58,0,1.31,3.98,5.476
718,21,,Octahedral,0.75,0.55,0.34,0,1.25,4.74,6.351
719,21,,Octahedral,0.72,0.32,0.76,0,1.17,4.16,5.808
720,21,,Octahedral,0.76,0.59,0.7,0,0.63,6.36,8.397
721,21,,Octahedral,0.75,0.47,0.28,0,1.39,3.85,5.144
722,21,,Octahedral,0.77,0.55,0.4,0,1.2,5.09,6.652
723,21,,Octahedral,0.73,0.28,0.47,0,1.46,3.19,4.373
724,21,,Octahedral,0.73,0.44,0.76,0,0.97,4.35,5.923
725,21,240,Octahedral,0.75,0.74,0.4,0,0.62,6.55,8.697
726,21,,Octahedral,0.75,0.55,0.82,0,0.43,5.82,7.77
727,21,,Octahedral,0.73,0.36,0.64,0,1.26,4.05,5.538
728,21,208,Octahedral,0.76,0.59,0.34,0,1.18,5.1,6.679
729,21,209,Octahedral,0.77,0.66,0.28,0,1.06,5.3,6.85
730,21,,Octahedral,0.73,0.4,0.87,0,0.82,4.66,6.38
731,21,,Octahedral,0.73,0.47,0.34,0,1.35,3.7,5.073
732,21,,Octahedral,0.71,0.28,0.87,0,1.06,4.3,6.05
733,21,,Octahedral,0.73,0.51,0.28,0,1.34,4,5.461
734,21,,Octahedral,0.73,0.4,0.28,0,1.47,3.38,4.652
735,21,,Octahedral,0.74,0.78,0.4,0,0.06,6.09,8.187
736,21,204,Octahedral,0.75,0.74,0.28,0,0.82,6.53,8.663
737,21,,Octahedral,0.71,0.32,0.52,0,1.39,3.6,5.11
738,21,,Octahedral,0.72,0.32,0.7,0,1.24,3.98,5.559
739,21,,Octahedral,0.7,0.28,0.28,0,1.54,3.11,4.445
740,21,,Octahedral,0.71,0.28,0.58,0,1.39,3.51,4.983
741,21,,Octahedral,0.73,0.55,0.47,0,1.13,4.41,6.021
742,21,,Octahedral,0.73,0.51,0.58,0,1.08,5.07,6.919
743,21,,Octahedral,0.71,0.47,0.58,0,1.15,4.64,6.533
744,22,,Octet,0.86,0.44,0.44,0,0.42,3.97,4.614
745,22,207,Octahedral,0.73,0.44,0.64,0,1.15,4.33,5.917
746,22,,Octahedral,0.74,0.47,0.76,0,0.88,4.67,6.343
747,22,,Octahedral,0.72,0.44,0.58,0,1.21,4.24,5.887
748,22,,Octahedral,0.72,0.36,0.34,0,1.47,3.58,4.982
749,22,265,Octahedral,0.72,0.36,1,0,0.56,4.53,6.322
750,22,,Octahedral,0.71,0.28,0.93,0,0.95,4.54,6.364
751,22,,Octahedral,0.74,0.47,0.64,0,1.08,4.7,6.377
752,22,243,Octahedral,0.75,0.59,0.52,0,0.98,5.43,7.228
753,22,,Octahedral,0.73,0.4,0.34,0,1.44,3.59,4.909
754,22,,Octahedral,0.72,0.32,0.47,0,1.44,3.55,4.946
755,22,,Octahedral,0.74,0.63,0.4,0,1.04,5.72,7.732
756,22,,Octahedral,0.75,0.66,0.4,0,0.93,5.59,7.503
757,22,,Octahedral,0.74,0.51,0.7,0,0.89,4.49,6.077
758,22,,Octahedral,0.75,0.47,0.47,0,1.26,4.22,5.632
759,22,,Octahedral,0.73,0.32,0.4,0,1.48,3.47,4.753
760,22,,Octahedral,0.73,0.28,0.52,0,1.43,3.37,4.622
761,22,,Octahedral,0.7,0.32,0.82,0,1.09,3.93,5.582
762,22,,Octahedral,0.73,0.44,0.93,0,0.53,4.53,6.174
763,22,,Octahedral,0.75,0.55,0.52,0,1.07,4.91,6.534
764,22,,Octahedral,0.75,0.44,0.34,0,1.4,3.77,5.051
765,22,,Octahedral,0.74,0.47,0.87,0,0.57,4.58,6.18
766,22,,Octahedral,0.73,0.28,0.64,0,1.35,3.53,4.858
767,22,,Octahedral,0.72,0.4,0.58,0,1.27,4.03,5.611
768,22,,Octahedral,0.75,0.74,0.47,0,0.46,5.77,7.705
769,22,,Octahedral,0.71,0.32,0.93,0,0.88,5.29,7.484
770,22,,Octahedral,0.72,0.47,0.52,0,1.21,4.81,6.637
771,22,242,Octahedral,0.74,0.63,0.52,0,0.87,5.1,6.907
772,22,,Octahedral,0.72,0.44,0.47,0,1.31,4.08,5.675
773,22,,Octahedral,0.72,0.51,0.47,0,1.21,4.71,6.552
774,22,,Octahedral,0.74,0.55,0.28,0,1.29,4.37,5.888
775,22,,Octahedral,0.7,0.28,1.05,0,0.59,4.6,6.575
776,22,,Octahedral,0.71,0.4,0.52,0,1.32,3.83,5.371
777,22,,Octahedral,0.7,0.28,0.7,0,1.28,3.72,5.295
778,22,,Octahedral,0.73,0.59,0.76,0,0.44,5.81,7.97
779,22,,Octahedral,0.69,0.36,0.87,0,0.92,4.18,6.021
816,24,,Octet,0.85,0.44,0.44,0,0.42,3.98,4.655
817,24,,Octahedral,0.72,0.4,0.64,0,1.21,3.97,5.553
818,24,,Octahedral,0.76,0.78,0.28,0,0.62,6.62,8.66
819,24,,Octahedral,0.72,0.32,0.28,0,1.53,3.52,4.864
820,24,,Octahedral,0.72,0.36,0.4,0,1.44,3.43,4.771
821,24,,Octahedral,0.7,0.44,0.28,0,1.43,3.04,4.327
822,24,,Octahedral,0.74,0.55,0.76,0,0.63,4.71,6.362
823,24,,Octahedral,0.76,0.74,0.34,0,0.73,6.46,8.503
824,24,,Octahedral,0.73,0.36,0.28,0,1.49,3.11,4.257
825,24,,Octahedral,0.74,0.51,0.64,0,1,4.89,6.628
826,24,,Octahedral,0.71,0.36,0.7,0,1.18,3.86,5.408
827,24,,Octahedral,0.74,0.63,0.28,0,1.15,4.54,6.168
828,24,,Octahedral,0.72,0.32,0.34,0,1.5,2.86,3.967
829,24,,Octahedral,0.72,0.36,0.52,0,1.36,3.53,4.923
830,24,,Octahedral,0.73,0.44,0.52,0,1.27,4.16,5.709
831,24,,Octahedral,0.74,0.51,0.76,0,0.77,4.5,6.081
832,24,,Octahedral,0.75,0.63,0.7,0,0.43,6.12,8.13
833,24,,Octahedral,0.73,0.28,0.34,0,1.53,2.87,3.936
834,24,,Octahedral,0.72,0.32,1.05,0,0.45,3.87,5.386
835,24,,Octahedral,0.71,0.36,0.82,0,1.03,3.97,5.6
836,24,,Octahedral,0.72,0.4,0.82,0,0.95,3.77,5.263
837,24,,Octahedral,0.73,0.47,0.4,0,1.31,3.79,5.179
838,24,,Octahedral,0.73,0.51,0.34,0,1.3,3.96,5.443
839,24,,Octahedral,0.73,0.47,0.93,0,0.33,4.87,6.649
840,24,,Octahedral,0.74,0.66,0.52,0,0.73,5.84,7.933
841,24,,Octahedral,0.74,0.66,0.47,0,0.84,4.74,6.435
842,24,,Octahedral,0.72,0.55,0.7,0,0.77,6.01,8.374
843,24,,Octahedral,0.7,0.4,0.7,0,1.13,3.87,5.529
844,24,,Octahedral,0.73,0.63,0.47,0,0.96,4.54,6.243
845,24,,Octahedral,0.71,0.55,0.64,0,0.91,4.97,7.027
846,24,,Octahedral,0.71,0.36,0.76,0,1.12,3.81,5.346
847,24,,Octahedral,0.74,0.7,0.52,0,0.54,5.73,7.781
848,24,,Octahedral,0.72,0.63,0.34,0,1.1,4.09,5.68
849,24,,Octahedral,0.72,0.59,0.28,0,1.22,4.62,6.423
850,24,,Octahedral,0.72,0.44,0.98,0,0.29,4.76,6.621
851,24,,Octahedral,0.72,0.59,0.64,0,0.79,5.51,7.693
852,25,,Octet,0.89,0.44,0.44,0,0.42,5.2,5.836
853,25,258,Reinforced Octet,0.85,0.38,0.38,0.38,0.72,5.04,5.956
854,25,259,Reinforced Octahedral,0.73,0.44,0.44,0.44,1.26,5.36,7.364
855,25,260,Body-Centered Cubic,0.79,0.76,0,0,0.72,5.07,6.416
856,25,,Octet,0.9,0.38,0.38,0,0.69,4.43,4.932
857,25,,Octet,0.85,0.38,0.38,0,0.84,5.3,6.243